{
  "prepare_queue": {
    "installed": [],
    "uninstalled": []
  },
  "config_munge": {
    "files": {
      "app/src/main/AndroidManifest.xml": {
        "parents": {
          "/manifest/application": [
            {
              "xml": "<application android:networkSecurityConfig=\"@xml/network_security_config\" />",
              "count": 1,
              "mode": "merge",
              "id": "config.xml",
              "oldAttrib": {
                "android:hardwareAccelerated": "true",
                "android:icon": "@mipmap/ic_launcher",
                "android:label": "@string/app_name",
                "android:networkSecurityConfig": "@xml/network_security_config",
                "android:supportsRtl": "true",
                "android:usesCleartextTraffic": "true"
              }
            }
          ]
        }
      },
      "res/xml/config.xml": {
        "parents": {
          "/*": [
            {
              "xml": "<feature name=\"Device\"><param name=\"android-package\" value=\"org.apache.cordova.device.Device\" /></feature>",
              "count": 1
            },
            {
              "xml": "<feature name=\"SplashScreen\"><param name=\"android-package\" value=\"org.apache.cordova.splashscreen.SplashScreen\" /><param name=\"onload\" value=\"true\" /></feature>",
              "count": 1
            },
            {
              "xml": "<feature name=\"StatusBar\"><param name=\"android-package\" value=\"org.apache.cordova.statusbar.StatusBar\" /><param name=\"onload\" value=\"true\" /></feature>",
              "count": 1
            },
            {
              "xml": "<feature name=\"Whitelist\"><param name=\"android-package\" value=\"org.apache.cordova.whitelist.WhitelistPlugin\" /><param name=\"onload\" value=\"true\" /></feature>",
              "count": 1
            },
            {
              "xml": "<feature name=\"Camera\"><param name=\"android-package\" value=\"org.apache.cordova.camera.CameraLauncher\" /></feature>",
              "count": 1
            },
            {
              "xml": "<feature name=\"InAppBrowser\"><param name=\"android-package\" value=\"org.apache.cordova.inappbrowser.InAppBrowser\" /></feature>",
              "count": 1
            },
            {
              "xml": "<feature name=\"ImagePicker\"><param name=\"android-package\" value=\"com.synconset.ImagePicker\" /></feature>",
              "count": 1
            },
            {
              "xml": "<feature name=\"BarcodeScanner\"><param name=\"android-package\" value=\"com.phonegap.plugins.barcodescanner.BarcodeScanner\" /></feature>",
              "count": 1
            },
            {
              "xml": "<feature name=\"Geolocation\"><param name=\"android-package\" value=\"org.apache.cordova.geolocation.Geolocation\" /></feature>",
              "count": 1
            }
          ]
        }
      },
      "config.xml": {
        "parents": {
          "/*": [
            {
              "xml": "<feature name=\"CDVIonicKeyboard\"><param name=\"android-package\" onload=\"true\" value=\"io.ionic.keyboard.CDVIonicKeyboard\" /></feature>",
              "count": 1
            },
            {
              "xml": "<allow-navigation href=\"http://localhost/*\" />",
              "count": 1
            },
            {
              "xml": "<allow-navigation href=\"https://localhost/*\" />",
              "count": 1
            },
            {
              "xml": "<allow-navigation href=\"ionic://*\" />",
              "count": 1
            },
            {
              "xml": "<preference name=\"webView\" value=\"com.ionicframework.cordova.webview.IonicWebViewEngine\" />",
              "count": 1
            },
            {
              "xml": "<feature name=\"IonicWebView\"><param name=\"android-package\" value=\"com.ionicframework.cordova.webview.IonicWebView\" /></feature>",
              "count": 1
            }
          ]
        }
      },
      "AndroidManifest.xml": {
        "parents": {
          "/*": [
            {
              "xml": "<uses-permission android:name=\"android.permission.WRITE_EXTERNAL_STORAGE\" />",
              "count": 1
            },
            {
              "xml": "<uses-permission android:name=\"android.permission.ACCESS_COARSE_LOCATION\" />",
              "count": 1
            },
            {
              "xml": "<uses-permission android:name=\"android.permission.ACCESS_FINE_LOCATION\" />",
              "count": 1
            },
            {
              "xml": "<uses-feature android:name=\"android.hardware.location.gps\" android:required=\"true\" />",
              "count": 1
            }
          ],
          "application": [
            {
              "xml": "<provider android:authorities=\"${applicationId}.cordova.plugin.camera.provider\" android:exported=\"false\" android:grantUriPermissions=\"true\" android:name=\"org.apache.cordova.camera.FileProvider\"><meta-data android:name=\"android.support.FILE_PROVIDER_PATHS\" android:resource=\"@xml/camera_provider_paths\" /></provider>",
              "count": 1
            }
          ],
          "/manifest/application": [
            {
              "xml": "<activity android:label=\"@string/multi_app_name\" android:name=\"com.synconset.MultiImageChooserActivity\" android:theme=\"@style/Theme.AppCompat.Light\"></activity>",
              "count": 1
            },
            {
              "xml": "<activity android:clearTaskOnLaunch=\"true\" android:configChanges=\"orientation|keyboardHidden|screenSize\" android:exported=\"false\" android:name=\"com.google.zxing.client.android.CaptureActivity\" android:theme=\"@android:style/Theme.NoTitleBar.Fullscreen\" android:windowSoftInputMode=\"stateAlwaysHidden\" />",
              "count": 1
            },
            {
              "xml": "<activity android:label=\"Share\" android:name=\"com.google.zxing.client.android.encode.EncodeActivity\" />",
              "count": 1
            }
          ],
          "/manifest": [
            {
              "xml": "<uses-permission android:name=\"android.permission.WRITE_EXTERNAL_STORAGE\" />",
              "count": 1
            },
            {
              "xml": "<uses-permission android:name=\"android.permission.CAMERA\" />",
              "count": 1
            },
            {
              "xml": "<uses-permission android:name=\"android.permission.FLASHLIGHT\" />",
              "count": 1
            },
            {
              "xml": "<uses-feature android:name=\"android.hardware.camera\" android:required=\"true\" />",
              "count": 1
            }
          ]
        }
      }
    }
  },
  "installed_plugins": {
    "cordova-plugin-device": {
      "PACKAGE_NAME": "io.ionic.starter"
    },
    "cordova-plugin-ionic-keyboard": {
      "PACKAGE_NAME": "io.ionic.starter"
    },
    "cordova-plugin-ionic-webview": {
      "ANDROID_SUPPORT_ANNOTATIONS_VERSION": "27.+",
      "PACKAGE_NAME": "io.ionic.starter"
    },
    "cordova-plugin-splashscreen": {
      "PACKAGE_NAME": "io.ionic.starter"
    },
    "cordova-plugin-statusbar": {
      "PACKAGE_NAME": "io.ionic.starter"
    },
    "cordova-plugin-whitelist": {
      "PACKAGE_NAME": "io.ionic.starter"
    },
    "cordova-plugin-camera": {
      "ANDROID_SUPPORT_V4_VERSION": "27.+",
      "PACKAGE_NAME": "io.ionic.starter"
    },
    "cordova-plugin-inappbrowser": {
      "PACKAGE_NAME": "io.ionic.starter"
    },
    "cordova-plugin-telerik-imagepicker": {
      "PACKAGE_NAME": "io.ionic.starter"
    },
    "phonegap-plugin-barcodescanner": {
      "ANDROID_SUPPORT_V4_VERSION": "27.+",
      "PACKAGE_NAME": "io.ionic.starter"
    },
    "cordova-plugin-geolocation": {
      "GPS_REQUIRED": "true",
      "PACKAGE_NAME": "io.ionic.starter"
    }
  },
  "dependent_plugins": {},
  "modules": [
    {
      "id": "cordova-plugin-device.device",
      "file": "plugins/cordova-plugin-device/www/device.js",
      "pluginId": "cordova-plugin-device",
      "clobbers": [
        "device"
      ]
    },
    {
      "id": "cordova-plugin-ionic-keyboard.keyboard",
      "file": "plugins/cordova-plugin-ionic-keyboard/www/android/keyboard.js",
      "pluginId": "cordova-plugin-ionic-keyboard",
      "clobbers": [
        "window.Keyboard"
      ]
    },
    {
      "id": "cordova-plugin-ionic-webview.IonicWebView",
      "file": "plugins/cordova-plugin-ionic-webview/src/www/util.js",
      "pluginId": "cordova-plugin-ionic-webview",
      "clobbers": [
        "Ionic.WebView"
      ]
    },
    {
      "id": "cordova-plugin-splashscreen.SplashScreen",
      "file": "plugins/cordova-plugin-splashscreen/www/splashscreen.js",
      "pluginId": "cordova-plugin-splashscreen",
      "clobbers": [
        "navigator.splashscreen"
      ]
    },
    {
      "id": "cordova-plugin-statusbar.statusbar",
      "file": "plugins/cordova-plugin-statusbar/www/statusbar.js",
      "pluginId": "cordova-plugin-statusbar",
      "clobbers": [
        "window.StatusBar"
      ]
    },
    {
      "id": "cordova-plugin-camera.Camera",
      "file": "plugins/cordova-plugin-camera/www/CameraConstants.js",
      "pluginId": "cordova-plugin-camera",
      "clobbers": [
        "Camera"
      ]
    },
    {
      "id": "cordova-plugin-camera.CameraPopoverOptions",
      "file": "plugins/cordova-plugin-camera/www/CameraPopoverOptions.js",
      "pluginId": "cordova-plugin-camera",
      "clobbers": [
        "CameraPopoverOptions"
      ]
    },
    {
      "id": "cordova-plugin-camera.camera",
      "file": "plugins/cordova-plugin-camera/www/Camera.js",
      "pluginId": "cordova-plugin-camera",
      "clobbers": [
        "navigator.camera"
      ]
    },
    {
      "id": "cordova-plugin-camera.CameraPopoverHandle",
      "file": "plugins/cordova-plugin-camera/www/CameraPopoverHandle.js",
      "pluginId": "cordova-plugin-camera",
      "clobbers": [
        "CameraPopoverHandle"
      ]
    },
    {
      "id": "cordova-plugin-inappbrowser.inappbrowser",
      "file": "plugins/cordova-plugin-inappbrowser/www/inappbrowser.js",
      "pluginId": "cordova-plugin-inappbrowser",
      "clobbers": [
        "cordova.InAppBrowser.open"
      ]
    },
    {
      "id": "cordova-plugin-telerik-imagepicker.ImagePicker",
      "file": "plugins/cordova-plugin-telerik-imagepicker/www/imagepicker.js",
      "pluginId": "cordova-plugin-telerik-imagepicker",
      "clobbers": [
        "plugins.imagePicker"
      ]
    },
    {
      "id": "phonegap-plugin-barcodescanner.BarcodeScanner",
      "file": "plugins/phonegap-plugin-barcodescanner/www/barcodescanner.js",
      "pluginId": "phonegap-plugin-barcodescanner",
      "clobbers": [
        "cordova.plugins.barcodeScanner"
      ]
    },
    {
      "id": "cordova-plugin-geolocation.geolocation",
      "file": "plugins/cordova-plugin-geolocation/www/android/geolocation.js",
      "pluginId": "cordova-plugin-geolocation",
      "clobbers": [
        "navigator.geolocation"
      ]
    },
    {
      "id": "cordova-plugin-geolocation.PositionError",
      "file": "plugins/cordova-plugin-geolocation/www/PositionError.js",
      "pluginId": "cordova-plugin-geolocation",
      "runs": true
    }
  ],
  "plugin_metadata": {
    "cordova-plugin-device": "2.0.2",
    "cordova-plugin-ionic-keyboard": "2.2.0",
    "cordova-plugin-ionic-webview": "4.2.1",
    "cordova-plugin-splashscreen": "5.0.2",
    "cordova-plugin-statusbar": "2.4.2",
    "cordova-plugin-whitelist": "1.3.3",
    "cordova-plugin-camera": "5.0.1",
    "cordova-plugin-inappbrowser": "5.0.0",
    "cordova-plugin-telerik-imagepicker": "2.3.3",
    "phonegap-plugin-barcodescanner": "8.1.0",
    "cordova-plugin-geolocation": "4.1.0"
  }
}
